{
	"credit": "Made with Blockbench",
	"textures": {
		"3": "block/repeater_redstone",
		"4": "block/bedrock",
		"5": "block/bedrock_top",
		"particle": "block/repeater_redstone_off",
		"slab": "block/smooth_stone_redstone",
		"top": "block/repeater",
		"unlit": "block/torch/redstone_torch_on"
	},
	"elements": [
		{
			"name": "repeater",
			"from": [0, 0, 0],
			"to": [16, 2, 16],
			"faces": {
				"north": {"uv": [0, 14, 16, 16], "texture": "#slab", "cullface": "north"},
				"east": {"uv": [0, 14, 16, 16], "texture": "#slab", "cullface": "east"},
				"south": {"uv": [0, 14, 16, 16], "texture": "#slab", "cullface": "south"},
				"west": {"uv": [0, 14, 16, 16], "texture": "#slab", "cullface": "west"},
				"up": {"uv": [0, 0, 16, 16], "texture": "#top"},
				"down": {"uv": [0, 0, 16, 16], "texture": "#slab", "cullface": "down"}
			}
		},
		{
			"name": "redstone_cube",
			"from": [7, 1, 14],
			"to": [9, 2, 6],
			"shade": false,
			"rotation": {"angle": 0, "axis": "y", "origin": [8, 5, 8]},
			"faces": {
				"north": {"uv": [7, 5, 9, 6], "texture": "#top"},
				"east": {"uv": [9, 6, 10, 14], "rotation": 270, "texture": "#top"},
				"south": {"uv": [7, 14, 9, 15], "texture": "#top"},
				"west": {"uv": [6, 6, 7, 14], "rotation": 90, "texture": "#top"},
				"down": {"uv": [9, 6, 7, 14], "texture": "#3"}
			}
		},
		{
			"name": "flame_cube1",
			"from": [7, 5, 2],
			"to": [9, 7, 4],
			"shade": false,
			"rotation": {"angle": 0, "axis": "y", "origin": [8, 5, 8]},
			"faces": {
				"north": {"uv": [7, 6, 9, 8], "texture": "#unlit"},
				"east": {"uv": [9, 6, 7, 8], "texture": "#unlit"},
				"south": {"uv": [7, 6, 9, 8], "texture": "#unlit"},
				"west": {"uv": [9, 6, 7, 8], "texture": "#unlit"},
				"up": {"uv": [9, 6, 7, 8], "texture": "#unlit"}
			}
		},
		{
			"name": "wood1",
			"from": [7, 1, 2],
			"to": [9, 5, 4],
			"rotation": {"angle": 0, "axis": "y", "origin": [8, 5, 8]},
			"faces": {
				"north": {"uv": [7, 8, 9, 12], "texture": "#unlit"},
				"east": {"uv": [7, 8, 9, 12], "texture": "#unlit"},
				"south": {"uv": [7, 8, 9, 12], "texture": "#unlit"},
				"west": {"uv": [7, 8, 9, 12], "texture": "#unlit"}
			}
		},
		{
			"name": "bedrock_lock",
			"from": [2, 2, 8],
			"to": [14, 4, 10],
			"rotation": {"angle": 0, "axis": "y", "origin": [8, 5, 8]},
			"faces": {
				"north": {"uv": [2, 12, 14, 14], "texture": "#4"},
				"east": {"uv": [6, 12, 8, 14], "texture": "#4"},
				"south": {"uv": [2, 12, 14, 14], "texture": "#4"},
				"west": {"uv": [8, 12, 10, 14], "texture": "#4"},
				"up": {"uv": [2, 8, 14, 10], "texture": "#5"}
			}
		}
	]
}